1::relaxation: inner damping factor,1::relaxation: sweeps,1::relaxation: type,3::relaxation: damping factor,3::relaxation: sweeps,3::relaxation: type,4::relaxation: sweeps,4::relaxation: type,time
0.3272,2,Two-stage Gauss-Seidel,0.8738,2,MT Gauss-Seidel,4,Two-stage Gauss-Seidel,10.96464
0.3748,2,Two-stage Gauss-Seidel,0.5821,1,Two-stage Gauss-Seidel,4,Two-stage Gauss-Seidel,10.993
0.2964,2,Two-stage Gauss-Seidel,0.6281,1,Two-stage Gauss-Seidel,4,Two-stage Gauss-Seidel,11.01666
0.3809,2,Two-stage Gauss-Seidel,0.6378,1,Two-stage Gauss-Seidel,4,Two-stage Gauss-Seidel,11.10474
0.3603,2,Two-stage Gauss-Seidel,0.765,2,MT Gauss-Seidel,2,Two-stage Gauss-Seidel,11.13401
0.3761,2,Two-stage Gauss-Seidel,0.9902,1,Two-stage Gauss-Seidel,3,Two-stage Gauss-Seidel,11.23537
0.312,2,Two-stage Gauss-Seidel,0.6338,1,Two-stage Gauss-Seidel,3,Two-stage Gauss-Seidel,11.24521
0.3497,2,Two-stage Gauss-Seidel,0.7563,1,MT Gauss-Seidel,3,Two-stage Gauss-Seidel,11.2471
0.344,2,Two-stage Gauss-Seidel,0.5847,1,MT Gauss-Seidel,3,Two-stage Gauss-Seidel,11.27967
0.4146,2,Two-stage Gauss-Seidel,0.974,2,MT Gauss-Seidel,3,Two-stage Gauss-Seidel,11.32329
0.331,2,Two-stage Gauss-Seidel,0.9001,1,Two-stage Gauss-Seidel,3,Two-stage Gauss-Seidel,11.38477
0.4098,2,Two-stage Gauss-Seidel,0.6246,2,Two-stage Gauss-Seidel,2,Two-stage Gauss-Seidel,11.5354
0.2069,2,Two-stage Gauss-Seidel,0.8413,2,Two-stage Gauss-Seidel,2,Two-stage Gauss-Seidel,11.547
0.2631,2,Two-stage Gauss-Seidel,0.4428,2,Two-stage Gauss-Seidel,4,Two-stage Gauss-Seidel,11.56493
0.2711,2,Two-stage Gauss-Seidel,1.1801,1,Two-stage Gauss-Seidel,3,Two-stage Gauss-Seidel,11.70641
0.2673,2,Two-stage Gauss-Seidel,0.946,1,MT Gauss-Seidel,2,Two-stage Gauss-Seidel,11.71099
0.4442,2,Two-stage Gauss-Seidel,0.6313,2,MT Gauss-Seidel,3,Two-stage Gauss-Seidel,11.76371
0.2176,2,Two-stage Gauss-Seidel,1.0246,1,Two-stage Gauss-Seidel,3,Two-stage Gauss-Seidel,11.77194
0.45,2,Two-stage Gauss-Seidel,0.6782,2,Two-stage Gauss-Seidel,3,Two-stage Gauss-Seidel,11.814340000000001
0.4356,2,Two-stage Gauss-Seidel,0.606,1,Two-stage Gauss-Seidel,2,Two-stage Gauss-Seidel,11.82656
0.1655,2,Two-stage Gauss-Seidel,0.6166,2,Two-stage Gauss-Seidel,4,Two-stage Gauss-Seidel,11.8526
0.3127,1,Two-stage Gauss-Seidel,1.1744,2,MT Gauss-Seidel,4,Two-stage Gauss-Seidel,11.905539999999998
0.3323,1,Two-stage Gauss-Seidel,0.9628,1,MT Gauss-Seidel,4,Two-stage Gauss-Seidel,11.9841
0.3273,1,Two-stage Gauss-Seidel,0.749,2,Two-stage Gauss-Seidel,4,Two-stage Gauss-Seidel,12.01672
0.2223,1,Two-stage Gauss-Seidel,1.1322,1,Two-stage Gauss-Seidel,2,Two-stage Gauss-Seidel,12.04689
0.3467,1,Two-stage Gauss-Seidel,0.6389,2,MT Gauss-Seidel,4,Two-stage Gauss-Seidel,12.07387
0.3595,2,Two-stage Gauss-Seidel,0.5487,2,Two-stage Gauss-Seidel,1,Two-stage Gauss-Seidel,12.10721
0.3351,1,Two-stage Gauss-Seidel,0.6826,1,MT Gauss-Seidel,3,Two-stage Gauss-Seidel,12.129850000000001
0.3582,2,Two-stage Gauss-Seidel,0.9044,1,MT Gauss-Seidel,1,Two-stage Gauss-Seidel,12.135110000000001
0.2641,1,Two-stage Gauss-Seidel,0.6294,2,Two-stage Gauss-Seidel,3,Two-stage Gauss-Seidel,12.18118
0.356,2,Two-stage Gauss-Seidel,0.5237,2,MT Gauss-Seidel,1,Two-stage Gauss-Seidel,12.19368
0.3259,1,Two-stage Gauss-Seidel,0.9359,2,Two-stage Gauss-Seidel,3,Two-stage Gauss-Seidel,12.212340000000001
0.1277,2,Two-stage Gauss-Seidel,0.7314,2,MT Gauss-Seidel,4,Two-stage Gauss-Seidel,12.23411
0.3082,1,Two-stage Gauss-Seidel,0.4547,2,Two-stage Gauss-Seidel,3,Two-stage Gauss-Seidel,12.2463
0.3812,1,Two-stage Gauss-Seidel,0.4819,1,Two-stage Gauss-Seidel,2,Two-stage Gauss-Seidel,12.2561
0.1985,1,Two-stage Gauss-Seidel,1.0054,1,MT Gauss-Seidel,4,Two-stage Gauss-Seidel,12.261230000000001
0.3671,2,Two-stage Gauss-Seidel,0.9771,2,MT Gauss-Seidel,1,Two-stage Gauss-Seidel,12.27111
0.1182,2,Two-stage Gauss-Seidel,0.6424,1,MT Gauss-Seidel,4,Two-stage Gauss-Seidel,12.31734
0.1886,1,Two-stage Gauss-Seidel,0.7502,2,MT Gauss-Seidel,2,Two-stage Gauss-Seidel,12.32216
0.3534,2,Two-stage Gauss-Seidel,0.4735,2,MT Gauss-Seidel,1,Two-stage Gauss-Seidel,12.35546
0.2296,1,Two-stage Gauss-Seidel,1.0943,2,MT Gauss-Seidel,3,Two-stage Gauss-Seidel,12.42679
0.3417,1,Two-stage Gauss-Seidel,0.8153,2,Two-stage Gauss-Seidel,4,Two-stage Gauss-Seidel,12.44096
0.2222,1,Two-stage Gauss-Seidel,0.7231,1,MT Gauss-Seidel,4,Two-stage Gauss-Seidel,12.46283
0.1671,1,MT Gauss-Seidel,0.7609,2,MT Gauss-Seidel,4,Two-stage Gauss-Seidel,12.48436
0.3254,2,Two-stage Gauss-Seidel,0.5675,2,MT Gauss-Seidel,1,Two-stage Gauss-Seidel,12.50635
0.2547,1,MT Gauss-Seidel,0.8912,1,MT Gauss-Seidel,4,Two-stage Gauss-Seidel,12.51264
0.1059,1,MT Gauss-Seidel,1.1575,1,MT Gauss-Seidel,4,Two-stage Gauss-Seidel,12.536059999999999
0.6575,1,MT Gauss-Seidel,0.7623,1,MT Gauss-Seidel,4,Two-stage Gauss-Seidel,12.53674
0.5096,1,MT Gauss-Seidel,0.7442,1,MT Gauss-Seidel,4,Two-stage Gauss-Seidel,12.56997
0.4381,1,MT Gauss-Seidel,1.1216,2,Two-stage Gauss-Seidel,4,Two-stage Gauss-Seidel,12.59891
0.4077,1,Two-stage Gauss-Seidel,1.0625,1,MT Gauss-Seidel,3,Two-stage Gauss-Seidel,12.60087
0.4691,1,MT Gauss-Seidel,0.9802,1,MT Gauss-Seidel,4,Two-stage Gauss-Seidel,12.612749999999998
0.6999,1,MT Gauss-Seidel,1.0022,1,MT Gauss-Seidel,4,Two-stage Gauss-Seidel,12.61692
0.2124,1,Two-stage Gauss-Seidel,0.9502,1,MT Gauss-Seidel,3,Two-stage Gauss-Seidel,12.65116
0.2233,1,MT Gauss-Seidel,0.5783,2,Two-stage Gauss-Seidel,4,Two-stage Gauss-Seidel,12.67494
0.2552,2,Two-stage Gauss-Seidel,0.5501,1,MT Gauss-Seidel,1,Two-stage Gauss-Seidel,12.67738
0.4179,1,MT Gauss-Seidel,0.7591,2,Two-stage Gauss-Seidel,4,Two-stage Gauss-Seidel,12.68388
0.283,2,MT Gauss-Seidel,0.8367,1,MT Gauss-Seidel,4,Two-stage Gauss-Seidel,12.72049
0.6905,2,MT Gauss-Seidel,0.7544,1,Two-stage Gauss-Seidel,4,Two-stage Gauss-Seidel,12.76594
0.1635,2,MT Gauss-Seidel,0.789,1,Two-stage Gauss-Seidel,4,Two-stage Gauss-Seidel,12.77289
0.4347,2,MT Gauss-Seidel,0.9911,1,MT Gauss-Seidel,4,Two-stage Gauss-Seidel,12.78033
0.1066,2,MT Gauss-Seidel,0.7328,1,MT Gauss-Seidel,4,Two-stage Gauss-Seidel,12.79012
0.3517,2,MT Gauss-Seidel,0.9989,1,Two-stage Gauss-Seidel,4,Two-stage Gauss-Seidel,12.79553
0.5785,1,MT Gauss-Seidel,0.7382,2,Two-stage Gauss-Seidel,2,Two-stage Gauss-Seidel,12.82265
0.3757,1,MT Gauss-Seidel,1.1805,2,Two-stage Gauss-Seidel,2,Two-stage Gauss-Seidel,12.823889999999999
0.4258,2,MT Gauss-Seidel,0.5291,2,Two-stage Gauss-Seidel,4,Two-stage Gauss-Seidel,12.82979
0.6962,2,MT Gauss-Seidel,0.6823,1,MT Gauss-Seidel,4,Two-stage Gauss-Seidel,12.83165
0.1865,1,MT Gauss-Seidel,0.4107,1,Two-stage Gauss-Seidel,2,Two-stage Gauss-Seidel,12.83361
0.5939,1,MT Gauss-Seidel,0.559,1,MT Gauss-Seidel,2,Two-stage Gauss-Seidel,12.851410000000001
0.2205,1,MT Gauss-Seidel,0.8113,2,Two-stage Gauss-Seidel,2,Two-stage Gauss-Seidel,12.85676
0.3792,2,Two-stage Gauss-Seidel,0.8215,1,MT Gauss-Seidel,1,MT Gauss-Seidel,12.88412
0.2832,1,MT Gauss-Seidel,0.5492,1,Two-stage Gauss-Seidel,2,Two-stage Gauss-Seidel,12.889569999999999
0.4653,2,Two-stage Gauss-Seidel,0.8771,1,Two-stage Gauss-Seidel,1,Two-stage Gauss-Seidel,12.89116
0.2754,2,Two-stage Gauss-Seidel,1.1291,1,Two-stage Gauss-Seidel,1,MT Gauss-Seidel,12.90255
0.5306,1,MT Gauss-Seidel,0.899,2,MT Gauss-Seidel,2,Two-stage Gauss-Seidel,12.90518
0.3569,2,Two-stage Gauss-Seidel,0.6619,2,Two-stage Gauss-Seidel,1,MT Gauss-Seidel,12.913599999999999
0.5313,1,MT Gauss-Seidel,0.8654,2,MT Gauss-Seidel,3,Two-stage Gauss-Seidel,12.934339999999999
0.4892,1,MT Gauss-Seidel,0.608,1,MT Gauss-Seidel,3,Two-stage Gauss-Seidel,12.94614
0.4392,1,MT Gauss-Seidel,0.8312,1,Two-stage Gauss-Seidel,3,Two-stage Gauss-Seidel,12.94796
0.1965,1,MT Gauss-Seidel,0.6496,1,Two-stage Gauss-Seidel,2,Two-stage Gauss-Seidel,12.94874
0.5722,1,MT Gauss-Seidel,0.7663,1,Two-stage Gauss-Seidel,3,Two-stage Gauss-Seidel,12.95193
0.4464,2,Two-stage Gauss-Seidel,0.9849,2,Two-stage Gauss-Seidel,1,Two-stage Gauss-Seidel,12.954
0.122,2,Two-stage Gauss-Seidel,0.9166,1,Two-stage Gauss-Seidel,3,Two-stage Gauss-Seidel,12.95596
0.202,1,MT Gauss-Seidel,1.0148,2,MT Gauss-Seidel,2,Two-stage Gauss-Seidel,12.95666
0.3841,1,MT Gauss-Seidel,0.5358,1,Two-stage Gauss-Seidel,2,Two-stage Gauss-Seidel,12.96082
0.2638,1,MT Gauss-Seidel,1.0666,2,MT Gauss-Seidel,3,Two-stage Gauss-Seidel,12.965019999999999
0.3793,1,MT Gauss-Seidel,0.8699,2,MT Gauss-Seidel,2,Two-stage Gauss-Seidel,12.96707
0.2251,2,Two-stage Gauss-Seidel,1.1004,1,Two-stage Gauss-Seidel,1,Two-stage Gauss-Seidel,12.96735
0.3207,2,Two-stage Gauss-Seidel,0.6901,1,MT Gauss-Seidel,1,MT Gauss-Seidel,12.9728
0.3629,1,MT Gauss-Seidel,0.8336,1,Two-stage Gauss-Seidel,2,Two-stage Gauss-Seidel,12.982700000000001
0.4797,1,MT Gauss-Seidel,0.6587,2,Two-stage Gauss-Seidel,3,Two-stage Gauss-Seidel,12.98563
0.3368,1,MT Gauss-Seidel,0.9025,2,Two-stage Gauss-Seidel,2,Two-stage Gauss-Seidel,12.9916
0.4156,2,MT Gauss-Seidel,0.5513,1,MT Gauss-Seidel,4,Two-stage Gauss-Seidel,13.00583
0.2874,1,MT Gauss-Seidel,0.6512,1,Two-stage Gauss-Seidel,4,Two-stage Gauss-Seidel,13.0089
0.3647,1,MT Gauss-Seidel,0.6194,1,Two-stage Gauss-Seidel,3,Two-stage Gauss-Seidel,13.01012
0.2165,1,MT Gauss-Seidel,0.8649,2,Two-stage Gauss-Seidel,2,Two-stage Gauss-Seidel,13.01975
0.6143,1,MT Gauss-Seidel,0.8661,2,MT Gauss-Seidel,3,Two-stage Gauss-Seidel,13.019839999999999
0.2845,1,MT Gauss-Seidel,1.0733,1,MT Gauss-Seidel,3,Two-stage Gauss-Seidel,13.02642
0.4862,1,MT Gauss-Seidel,0.852,1,MT Gauss-Seidel,3,Two-stage Gauss-Seidel,13.03715
0.3479,1,MT Gauss-Seidel,0.8192,1,Two-stage Gauss-Seidel,3,Two-stage Gauss-Seidel,13.068
0.6139,1,MT Gauss-Seidel,0.9359,1,Two-stage Gauss-Seidel,3,Two-stage Gauss-Seidel,13.07679
0.4547,1,Two-stage Gauss-Seidel,0.8816,2,MT Gauss-Seidel,3,Two-stage Gauss-Seidel,13.07905
0.1735,1,MT Gauss-Seidel,0.9657,1,MT Gauss-Seidel,3,Two-stage Gauss-Seidel,13.11445
0.4578,1,Two-stage Gauss-Seidel,0.6296,2,Two-stage Gauss-Seidel,3,Two-stage Gauss-Seidel,13.126090000000001
0.4895,2,Two-stage Gauss-Seidel,0.7313,1,MT Gauss-Seidel,3,Two-stage Gauss-Seidel,13.1334
0.1111,2,Two-stage Gauss-Seidel,1.0074,2,Two-stage Gauss-Seidel,3,Two-stage Gauss-Seidel,13.14171
0.3425,1,Two-stage Gauss-Seidel,0.8011,2,MT Gauss-Seidel,1,Two-stage Gauss-Seidel,13.151689999999999
0.2813,2,Two-stage Gauss-Seidel,0.6426,2,Two-stage Gauss-Seidel,1,MT Gauss-Seidel,13.19743
0.2939,2,Two-stage Gauss-Seidel,0.7776,1,MT Gauss-Seidel,2,MT Gauss-Seidel,13.23212
0.2806,2,Two-stage Gauss-Seidel,0.7982,2,MT Gauss-Seidel,1,MT Gauss-Seidel,13.23542
0.4766,2,Two-stage Gauss-Seidel,0.9583,2,MT Gauss-Seidel,1,Two-stage Gauss-Seidel,13.23622
0.2432,2,Two-stage Gauss-Seidel,0.801,2,MT Gauss-Seidel,2,MT Gauss-Seidel,13.308679999999999
0.4674,1,Two-stage Gauss-Seidel,1.0756,1,Two-stage Gauss-Seidel,2,Two-stage Gauss-Seidel,13.31836
0.3928,1,Two-stage Gauss-Seidel,1.0354,2,Two-stage Gauss-Seidel,1,Two-stage Gauss-Seidel,13.33288
0.1779,2,Two-stage Gauss-Seidel,1.0079,2,Two-stage Gauss-Seidel,1,Two-stage Gauss-Seidel,13.34097
0.472,1,Two-stage Gauss-Seidel,0.986,1,Two-stage Gauss-Seidel,3,Two-stage Gauss-Seidel,13.35947
0.4738,1,Two-stage Gauss-Seidel,0.5104,1,MT Gauss-Seidel,2,Two-stage Gauss-Seidel,13.363119999999999
0.6922,1,MT Gauss-Seidel,0.4471,1,MT Gauss-Seidel,3,Two-stage Gauss-Seidel,13.36423
0.4967,1,MT Gauss-Seidel,0.6055,2,MT Gauss-Seidel,3,Two-stage Gauss-Seidel,13.3728
0.2931,2,MT Gauss-Seidel,0.9381,1,Two-stage Gauss-Seidel,3,Two-stage Gauss-Seidel,13.404910000000001
0.5212,2,MT Gauss-Seidel,0.6828,1,Two-stage Gauss-Seidel,3,Two-stage Gauss-Seidel,13.413070000000001
0.5001,1,Two-stage Gauss-Seidel,0.5448,2,MT Gauss-Seidel,3,Two-stage Gauss-Seidel,13.41795
0.4889,1,Two-stage Gauss-Seidel,0.555,1,MT Gauss-Seidel,4,Two-stage Gauss-Seidel,13.42057
0.2939,2,MT Gauss-Seidel,0.7818,2,MT Gauss-Seidel,2,Two-stage Gauss-Seidel,13.436440000000001
0.3066,2,Two-stage Gauss-Seidel,0.9908,1,MT Gauss-Seidel,2,MT Gauss-Seidel,13.44239
0.5126,2,MT Gauss-Seidel,0.9948,2,MT Gauss-Seidel,3,Two-stage Gauss-Seidel,13.44787
0.5426,2,MT Gauss-Seidel,1.1323,1,MT Gauss-Seidel,2,Two-stage Gauss-Seidel,13.475719999999999
0.6084,2,MT Gauss-Seidel,0.9742,2,MT Gauss-Seidel,2,Two-stage Gauss-Seidel,13.47937
0.3167,2,MT Gauss-Seidel,0.7428,2,MT Gauss-Seidel,2,Two-stage Gauss-Seidel,13.48868
0.211,2,Two-stage Gauss-Seidel,0.9399,1,Two-stage Gauss-Seidel,1,MT Gauss-Seidel,13.492429999999999
0.3107,2,MT Gauss-Seidel,0.6518,2,MT Gauss-Seidel,2,Two-stage Gauss-Seidel,13.5045
0.4798,1,Two-stage Gauss-Seidel,0.6098,2,MT Gauss-Seidel,3,Two-stage Gauss-Seidel,13.50649
0.4603,2,MT Gauss-Seidel,0.9444,2,MT Gauss-Seidel,3,Two-stage Gauss-Seidel,13.517949999999999
0.6964,2,MT Gauss-Seidel,1.1798,1,MT Gauss-Seidel,3,Two-stage Gauss-Seidel,13.520230000000002
0.2151,2,MT Gauss-Seidel,1.075,2,Two-stage Gauss-Seidel,2,Two-stage Gauss-Seidel,13.52229
0.4988,2,Two-stage Gauss-Seidel,0.6781,1,MT Gauss-Seidel,4,Two-stage Gauss-Seidel,13.52472
0.4258,1,Two-stage Gauss-Seidel,0.7697,2,MT Gauss-Seidel,1,Two-stage Gauss-Seidel,13.52669
0.3058,2,MT Gauss-Seidel,0.6855,2,MT Gauss-Seidel,2,Two-stage Gauss-Seidel,13.531189999999999
0.518,2,MT Gauss-Seidel,0.4618,1,Two-stage Gauss-Seidel,3,Two-stage Gauss-Seidel,13.53313
0.349,2,MT Gauss-Seidel,1.0286,1,Two-stage Gauss-Seidel,2,Two-stage Gauss-Seidel,13.53405
0.5438,2,MT Gauss-Seidel,0.6095,2,Two-stage Gauss-Seidel,2,Two-stage Gauss-Seidel,13.53903
0.3246,2,MT Gauss-Seidel,0.7202,1,MT Gauss-Seidel,2,Two-stage Gauss-Seidel,13.54196
0.11,2,MT Gauss-Seidel,0.9598,1,Two-stage Gauss-Seidel,2,Two-stage Gauss-Seidel,13.57315
0.2475,2,MT Gauss-Seidel,0.9004,1,MT Gauss-Seidel,3,Two-stage Gauss-Seidel,13.5732
0.4232,1,Two-stage Gauss-Seidel,0.6616,2,MT Gauss-Seidel,1,Two-stage Gauss-Seidel,13.58181
0.2322,2,Two-stage Gauss-Seidel,0.8933,2,MT Gauss-Seidel,1,MT Gauss-Seidel,13.605699999999999
0.513,1,Two-stage Gauss-Seidel,1.1662,2,MT Gauss-Seidel,2,Two-stage Gauss-Seidel,13.616700000000002
0.3429,1,Two-stage Gauss-Seidel,0.4338,1,Two-stage Gauss-Seidel,1,Two-stage Gauss-Seidel,13.64058
0.5522,1,Two-stage Gauss-Seidel,1.0694,1,MT Gauss-Seidel,3,Two-stage Gauss-Seidel,13.67214
0.2648,2,Two-stage Gauss-Seidel,0.4461,2,MT Gauss-Seidel,2,MT Gauss-Seidel,13.751190000000001
0.4633,2,MT Gauss-Seidel,0.6798,2,MT Gauss-Seidel,3,Two-stage Gauss-Seidel,13.767900000000001
0.4101,2,Two-stage Gauss-Seidel,1.1935,2,Two-stage Gauss-Seidel,2,MT Gauss-Seidel,13.77265
0.5286,1,Two-stage Gauss-Seidel,0.9068,2,Two-stage Gauss-Seidel,2,Two-stage Gauss-Seidel,13.78378
0.5029,1,Two-stage Gauss-Seidel,0.5718,1,MT Gauss-Seidel,3,Two-stage Gauss-Seidel,13.795770000000001
0.5568,1,Two-stage Gauss-Seidel,0.7736,2,Two-stage Gauss-Seidel,3,Two-stage Gauss-Seidel,13.80373
0.6023,1,Two-stage Gauss-Seidel,0.6242,2,Two-stage Gauss-Seidel,3,Two-stage Gauss-Seidel,13.82941
0.3002,1,Two-stage Gauss-Seidel,0.8535,2,MT Gauss-Seidel,1,MT Gauss-Seidel,13.83285
0.2503,2,MT Gauss-Seidel,0.5621,2,MT Gauss-Seidel,2,Two-stage Gauss-Seidel,13.86179
0.2468,1,Two-stage Gauss-Seidel,1.0676,2,Two-stage Gauss-Seidel,1,MT Gauss-Seidel,13.87849
0.4201,2,MT Gauss-Seidel,0.7634,2,Two-stage Gauss-Seidel,3,Two-stage Gauss-Seidel,13.88062
0.4881,1,Two-stage Gauss-Seidel,0.966,1,MT Gauss-Seidel,1,Two-stage Gauss-Seidel,13.90382
0.2712,1,Two-stage Gauss-Seidel,0.7887,2,MT Gauss-Seidel,1,MT Gauss-Seidel,13.93543
0.5387,1,Two-stage Gauss-Seidel,0.5821,2,Two-stage Gauss-Seidel,2,Two-stage Gauss-Seidel,13.957419999999999
0.6156,1,Two-stage Gauss-Seidel,0.9093,1,MT Gauss-Seidel,4,Two-stage Gauss-Seidel,14.00544
0.3355,1,Two-stage Gauss-Seidel,0.7119,2,Two-stage Gauss-Seidel,1,MT Gauss-Seidel,14.11148
0.5716,1,Two-stage Gauss-Seidel,1.0071,2,MT Gauss-Seidel,2,Two-stage Gauss-Seidel,14.12045
0.4366,2,Two-stage Gauss-Seidel,0.9185,2,Two-stage Gauss-Seidel,2,MT Gauss-Seidel,14.20013
0.4391,2,Two-stage Gauss-Seidel,0.7766,2,Two-stage Gauss-Seidel,2,MT Gauss-Seidel,14.20629
0.2132,2,Two-stage Gauss-Seidel,0.956,1,Two-stage Gauss-Seidel,3,MT Gauss-Seidel,14.22781
0.1594,2,Two-stage Gauss-Seidel,0.6959,2,MT Gauss-Seidel,2,MT Gauss-Seidel,14.30689
0.6897,1,Two-stage Gauss-Seidel,0.8285,1,MT Gauss-Seidel,3,Two-stage Gauss-Seidel,14.31849
0.3052,2,Two-stage Gauss-Seidel,0.9889,1,MT Gauss-Seidel,3,MT Gauss-Seidel,14.32083
0.2071,1,Two-stage Gauss-Seidel,1.0442,1,MT Gauss-Seidel,1,MT Gauss-Seidel,14.32189
0.1898,1,Two-stage Gauss-Seidel,0.7289,2,Two-stage Gauss-Seidel,1,MT Gauss-Seidel,14.35006
0.457,2,Two-stage Gauss-Seidel,0.8311,2,MT Gauss-Seidel,1,MT Gauss-Seidel,14.363240000000001
0.5164,1,Two-stage Gauss-Seidel,0.7941,2,Two-stage Gauss-Seidel,1,Two-stage Gauss-Seidel,14.42521
0.3217,1,Two-stage Gauss-Seidel,0.8145,2,MT Gauss-Seidel,2,MT Gauss-Seidel,14.53079
0.2846,1,MT Gauss-Seidel,0.4739,1,MT Gauss-Seidel,1,Two-stage Gauss-Seidel,14.53355
0.2721,1,Two-stage Gauss-Seidel,0.4379,1,Two-stage Gauss-Seidel,2,MT Gauss-Seidel,14.53489
0.4155,1,MT Gauss-Seidel,0.6449,2,MT Gauss-Seidel,1,MT Gauss-Seidel,14.53557
0.2795,1,MT Gauss-Seidel,0.8952,2,Two-stage Gauss-Seidel,1,Two-stage Gauss-Seidel,14.542629999999999
0.3798,1,MT Gauss-Seidel,0.4154,1,Two-stage Gauss-Seidel,1,Two-stage Gauss-Seidel,14.553560000000001
0.2704,1,MT Gauss-Seidel,0.7145,2,MT Gauss-Seidel,1,Two-stage Gauss-Seidel,14.55978
0.1401,2,Two-stage Gauss-Seidel,0.9132,2,MT Gauss-Seidel,2,MT Gauss-Seidel,14.57168
0.4878,1,MT Gauss-Seidel,0.6338,2,Two-stage Gauss-Seidel,1,Two-stage Gauss-Seidel,14.57358
0.1346,2,Two-stage Gauss-Seidel,0.9536,1,MT Gauss-Seidel,1,MT Gauss-Seidel,14.57521
0.5062,2,Two-stage Gauss-Seidel,1.049,1,MT Gauss-Seidel,2,Two-stage Gauss-Seidel,14.589390000000002
0.3757,1,MT Gauss-Seidel,0.602,1,Two-stage Gauss-Seidel,1,Two-stage Gauss-Seidel,14.58967
0.3197,1,MT Gauss-Seidel,0.8604,1,Two-stage Gauss-Seidel,1,Two-stage Gauss-Seidel,14.616060000000001
0.5207,2,MT Gauss-Seidel,0.9133,2,Two-stage Gauss-Seidel,2,MT Gauss-Seidel,14.617840000000001
0.5062,1,MT Gauss-Seidel,1.0261,1,Two-stage Gauss-Seidel,1,Two-stage Gauss-Seidel,14.621030000000001
0.2353,1,MT Gauss-Seidel,0.6747,1,Two-stage Gauss-Seidel,1,Two-stage Gauss-Seidel,14.632719999999999
0.4584,1,MT Gauss-Seidel,0.7047,2,MT Gauss-Seidel,1,MT Gauss-Seidel,14.63462
0.2807,1,MT Gauss-Seidel,1.159,2,Two-stage Gauss-Seidel,1,Two-stage Gauss-Seidel,14.635079999999999
0.4984,1,MT Gauss-Seidel,0.8244,2,Two-stage Gauss-Seidel,1,MT Gauss-Seidel,14.64169
0.2814,1,MT Gauss-Seidel,0.6784,1,MT Gauss-Seidel,2,MT Gauss-Seidel,14.64537
0.448,1,MT Gauss-Seidel,1.0307,2,MT Gauss-Seidel,2,MT Gauss-Seidel,14.65662
0.148,1,MT Gauss-Seidel,0.6607,1,MT Gauss-Seidel,2,MT Gauss-Seidel,14.66453
0.3051,2,MT Gauss-Seidel,0.7426,2,Two-stage Gauss-Seidel,2,MT Gauss-Seidel,14.67108
0.454,1,MT Gauss-Seidel,0.6355,2,Two-stage Gauss-Seidel,2,MT Gauss-Seidel,14.672830000000001
0.4202,2,Two-stage Gauss-Seidel,0.7958,2,MT Gauss-Seidel,3,MT Gauss-Seidel,14.673659999999998
0.56,1,MT Gauss-Seidel,0.625,1,MT Gauss-Seidel,1,MT Gauss-Seidel,14.67552
0.3635,2,Two-stage Gauss-Seidel,0.76,1,MT Gauss-Seidel,4,MT Gauss-Seidel,14.68608
0.4748,1,MT Gauss-Seidel,0.6348,2,MT Gauss-Seidel,2,MT Gauss-Seidel,14.69747
0.4097,1,MT Gauss-Seidel,0.4011,2,Two-stage Gauss-Seidel,1,Two-stage Gauss-Seidel,14.698879999999999
0.6868,2,MT Gauss-Seidel,0.4529,2,MT Gauss-Seidel,2,MT Gauss-Seidel,14.70675
0.4675,1,MT Gauss-Seidel,0.6204,2,MT Gauss-Seidel,1,MT Gauss-Seidel,14.70901
0.4426,2,MT Gauss-Seidel,0.9756,1,MT Gauss-Seidel,2,MT Gauss-Seidel,14.710339999999999
0.4469,2,MT Gauss-Seidel,0.6291,2,MT Gauss-Seidel,2,MT Gauss-Seidel,14.719560000000001
0.5872,2,MT Gauss-Seidel,1.1218,1,Two-stage Gauss-Seidel,2,MT Gauss-Seidel,14.72519
0.4252,2,MT Gauss-Seidel,0.548,1,MT Gauss-Seidel,2,MT Gauss-Seidel,14.73807
0.3338,2,MT Gauss-Seidel,1.0057,1,MT Gauss-Seidel,2,MT Gauss-Seidel,14.74353
0.3673,2,MT Gauss-Seidel,0.6155,1,Two-stage Gauss-Seidel,2,MT Gauss-Seidel,14.74676
0.3886,2,MT Gauss-Seidel,0.6644,2,MT Gauss-Seidel,2,MT Gauss-Seidel,14.74905
0.3782,1,Two-stage Gauss-Seidel,1.1413,2,MT Gauss-Seidel,1,MT Gauss-Seidel,14.7578
0.3672,1,MT Gauss-Seidel,0.7936,1,Two-stage Gauss-Seidel,1,MT Gauss-Seidel,14.76145
0.5202,2,MT Gauss-Seidel,0.8208,1,MT Gauss-Seidel,3,MT Gauss-Seidel,14.77586
0.6782,2,MT Gauss-Seidel,0.5312,1,MT Gauss-Seidel,3,MT Gauss-Seidel,14.776299999999999
0.2348,1,MT Gauss-Seidel,0.8415,2,MT Gauss-Seidel,2,MT Gauss-Seidel,14.77714
0.4429,1,MT Gauss-Seidel,1.1814,2,MT Gauss-Seidel,2,MT Gauss-Seidel,14.78545
0.6164,2,MT Gauss-Seidel,0.5643,1,MT Gauss-Seidel,2,MT Gauss-Seidel,14.787420000000001
0.3866,1,MT Gauss-Seidel,0.6952,1,Two-stage Gauss-Seidel,1,MT Gauss-Seidel,14.79706
0.397,2,MT Gauss-Seidel,0.7605,2,Two-stage Gauss-Seidel,3,MT Gauss-Seidel,14.8102
0.4324,1,MT Gauss-Seidel,0.9272,1,MT Gauss-Seidel,2,MT Gauss-Seidel,14.826889999999999
0.542,1,MT Gauss-Seidel,0.5293,2,MT Gauss-Seidel,1,MT Gauss-Seidel,14.83012
0.3323,1,Two-stage Gauss-Seidel,0.8221,2,Two-stage Gauss-Seidel,2,MT Gauss-Seidel,14.83089
0.2806,2,MT Gauss-Seidel,0.5642,1,Two-stage Gauss-Seidel,3,MT Gauss-Seidel,14.839690000000001
0.3639,2,MT Gauss-Seidel,0.8076,2,Two-stage Gauss-Seidel,3,MT Gauss-Seidel,14.84196
0.4797,2,MT Gauss-Seidel,0.6509,1,Two-stage Gauss-Seidel,3,MT Gauss-Seidel,14.84489
0.2402,2,MT Gauss-Seidel,0.891,2,MT Gauss-Seidel,3,MT Gauss-Seidel,14.86398
0.1584,1,Two-stage Gauss-Seidel,0.4257,1,MT Gauss-Seidel,1,MT Gauss-Seidel,14.88203
0.3197,1,MT Gauss-Seidel,0.8455,1,Two-stage Gauss-Seidel,1,Two-stage Gauss-Seidel,14.896460000000001
0.4563,2,MT Gauss-Seidel,0.6549,1,Two-stage Gauss-Seidel,3,MT Gauss-Seidel,14.90371
0.4397,2,MT Gauss-Seidel,0.5347,1,MT Gauss-Seidel,3,MT Gauss-Seidel,14.912970000000001
0.6057,2,MT Gauss-Seidel,0.9709,1,Two-stage Gauss-Seidel,3,MT Gauss-Seidel,14.93007
0.1744,2,Two-stage Gauss-Seidel,0.798,1,MT Gauss-Seidel,3,MT Gauss-Seidel,14.95563
0.3278,1,MT Gauss-Seidel,0.6518,1,MT Gauss-Seidel,2,MT Gauss-Seidel,14.95582
0.4034,1,MT Gauss-Seidel,0.9388,1,Two-stage Gauss-Seidel,1,MT Gauss-Seidel,14.9759
0.5155,2,MT Gauss-Seidel,0.8438,2,Two-stage Gauss-Seidel,3,MT Gauss-Seidel,14.9763
0.1856,1,MT Gauss-Seidel,0.492,2,MT Gauss-Seidel,1,Two-stage Gauss-Seidel,14.99161
0.3549,1,MT Gauss-Seidel,1.1766,2,Two-stage Gauss-Seidel,2,MT Gauss-Seidel,14.99811
0.4015,1,Two-stage Gauss-Seidel,0.6279,1,Two-stage Gauss-Seidel,1,MT Gauss-Seidel,15.01466
0.6357,1,MT Gauss-Seidel,0.8437,2,Two-stage Gauss-Seidel,2,MT Gauss-Seidel,15.04166
0.5056,2,MT Gauss-Seidel,0.8437,1,MT Gauss-Seidel,2,MT Gauss-Seidel,15.04941
0.319,2,MT Gauss-Seidel,0.8351,1,MT Gauss-Seidel,3,MT Gauss-Seidel,15.05515
0.1716,2,MT Gauss-Seidel,0.6374,2,Two-stage Gauss-Seidel,3,MT Gauss-Seidel,15.10027
0.4167,2,MT Gauss-Seidel,0.9558,2,Two-stage Gauss-Seidel,4,MT Gauss-Seidel,15.11759
0.2226,2,MT Gauss-Seidel,0.6509,1,Two-stage Gauss-Seidel,4,MT Gauss-Seidel,15.13371
0.1665,2,MT Gauss-Seidel,0.6501,2,Two-stage Gauss-Seidel,2,MT Gauss-Seidel,15.139489999999999
0.5608,2,MT Gauss-Seidel,1.0661,1,Two-stage Gauss-Seidel,3,MT Gauss-Seidel,15.144200000000001
0.2584,1,MT Gauss-Seidel,0.7402,2,Two-stage Gauss-Seidel,3,MT Gauss-Seidel,15.152660000000001
0.621,2,MT Gauss-Seidel,0.7467,1,MT Gauss-Seidel,4,MT Gauss-Seidel,15.17841
0.4155,1,Two-stage Gauss-Seidel,0.639,2,Two-stage Gauss-Seidel,1,MT Gauss-Seidel,15.21571
0.5545,1,MT Gauss-Seidel,1.0706,1,MT Gauss-Seidel,3,MT Gauss-Seidel,15.2477
0.5048,1,MT Gauss-Seidel,0.7473,1,MT Gauss-Seidel,3,MT Gauss-Seidel,15.26355
0.4386,2,Two-stage Gauss-Seidel,0.9019,1,MT Gauss-Seidel,3,MT Gauss-Seidel,15.26971
0.6896,2,MT Gauss-Seidel,0.4448,2,Two-stage Gauss-Seidel,3,MT Gauss-Seidel,15.270620000000001
0.2948,2,MT Gauss-Seidel,0.4222,2,MT Gauss-Seidel,4,MT Gauss-Seidel,15.279709999999998
0.5733,1,MT Gauss-Seidel,0.5355,2,Two-stage Gauss-Seidel,3,MT Gauss-Seidel,15.28148
0.392,1,MT Gauss-Seidel,0.5489,1,Two-stage Gauss-Seidel,2,MT Gauss-Seidel,15.28327
0.2616,2,MT Gauss-Seidel,0.6591,2,MT Gauss-Seidel,4,MT Gauss-Seidel,15.285219999999999
0.2386,2,MT Gauss-Seidel,1.0615,1,Two-stage Gauss-Seidel,4,MT Gauss-Seidel,15.290650000000001
0.3381,1,Two-stage Gauss-Seidel,0.4191,1,Two-stage Gauss-Seidel,2,MT Gauss-Seidel,15.292380000000001
0.479,1,MT Gauss-Seidel,0.9666,2,MT Gauss-Seidel,3,MT Gauss-Seidel,15.296219999999998
0.3148,2,MT Gauss-Seidel,0.5452,2,MT Gauss-Seidel,4,MT Gauss-Seidel,15.30462
0.1592,2,MT Gauss-Seidel,0.8082,2,MT Gauss-Seidel,4,MT Gauss-Seidel,15.30739
0.3355,2,MT Gauss-Seidel,0.9948,2,Two-stage Gauss-Seidel,4,MT Gauss-Seidel,15.32236
0.3325,1,MT Gauss-Seidel,0.4031,1,MT Gauss-Seidel,3,MT Gauss-Seidel,15.32417
0.5557,1,MT Gauss-Seidel,0.4216,2,MT Gauss-Seidel,3,MT Gauss-Seidel,15.36308
0.1451,2,Two-stage Gauss-Seidel,0.6254,1,Two-stage Gauss-Seidel,3,MT Gauss-Seidel,15.36411
0.5202,1,MT Gauss-Seidel,1.0483,2,MT Gauss-Seidel,3,MT Gauss-Seidel,15.3656
0.4482,2,Two-stage Gauss-Seidel,0.658,2,MT Gauss-Seidel,3,MT Gauss-Seidel,15.36704
0.6451,1,MT Gauss-Seidel,0.6569,2,Two-stage Gauss-Seidel,3,MT Gauss-Seidel,15.367920000000002
0.2741,2,MT Gauss-Seidel,0.8985,2,MT Gauss-Seidel,1,MT Gauss-Seidel,15.38063
0.1483,1,MT Gauss-Seidel,0.5669,2,Two-stage Gauss-Seidel,3,MT Gauss-Seidel,15.3834
0.323,1,MT Gauss-Seidel,0.605,2,Two-stage Gauss-Seidel,3,MT Gauss-Seidel,15.38975
0.1547,2,Two-stage Gauss-Seidel,0.4769,1,MT Gauss-Seidel,3,MT Gauss-Seidel,15.391969999999999
0.2791,2,MT Gauss-Seidel,0.7241,1,Two-stage Gauss-Seidel,4,MT Gauss-Seidel,15.393909999999998
0.4491,2,Two-stage Gauss-Seidel,0.9417,1,MT Gauss-Seidel,3,MT Gauss-Seidel,15.39626
0.4302,2,MT Gauss-Seidel,0.6161,2,Two-stage Gauss-Seidel,1,MT Gauss-Seidel,15.4067
0.3087,2,MT Gauss-Seidel,0.9981,1,Two-stage Gauss-Seidel,1,MT Gauss-Seidel,15.42394
0.1486,2,MT Gauss-Seidel,0.7046,2,Two-stage Gauss-Seidel,1,MT Gauss-Seidel,15.4316
0.5098,2,Two-stage Gauss-Seidel,0.9512,2,Two-stage Gauss-Seidel,1,Two-stage Gauss-Seidel,15.454989999999999
0.3138,2,MT Gauss-Seidel,0.8118,2,MT Gauss-Seidel,1,MT Gauss-Seidel,15.455729999999999
0.3727,2,MT Gauss-Seidel,0.9097,1,MT Gauss-Seidel,1,MT Gauss-Seidel,15.4617
0.4646,2,MT Gauss-Seidel,0.7423,2,MT Gauss-Seidel,4,MT Gauss-Seidel,15.474
0.3912,2,MT Gauss-Seidel,1.0549,1,MT Gauss-Seidel,1,MT Gauss-Seidel,15.484090000000002
0.3368,2,MT Gauss-Seidel,1.1711,2,Two-stage Gauss-Seidel,1,MT Gauss-Seidel,15.50234
0.4859,2,MT Gauss-Seidel,0.8286,1,MT Gauss-Seidel,1,MT Gauss-Seidel,15.50967
0.3732,2,MT Gauss-Seidel,1.0368,2,MT Gauss-Seidel,1,MT Gauss-Seidel,15.53276
0.5757,2,MT Gauss-Seidel,0.8356,1,MT Gauss-Seidel,1,MT Gauss-Seidel,15.53589
0.5573,2,MT Gauss-Seidel,0.7745,1,Two-stage Gauss-Seidel,1,MT Gauss-Seidel,15.55572
0.373,1,MT Gauss-Seidel,0.8287,1,Two-stage Gauss-Seidel,3,MT Gauss-Seidel,15.56781
0.5253,2,Two-stage Gauss-Seidel,0.5485,1,Two-stage Gauss-Seidel,4,Two-stage Gauss-Seidel,15.57185
0.1112,2,MT Gauss-Seidel,0.5743,2,MT Gauss-Seidel,1,MT Gauss-Seidel,15.57665
0.5469,2,MT Gauss-Seidel,0.8606,2,MT Gauss-Seidel,4,MT Gauss-Seidel,15.617040000000001
0.5511,2,MT Gauss-Seidel,1.0398,1,MT Gauss-Seidel,1,MT Gauss-Seidel,15.623899999999999
0.3438,2,MT Gauss-Seidel,1.0855,1,MT Gauss-Seidel,1,MT Gauss-Seidel,15.624960000000002
0.4801,2,Two-stage Gauss-Seidel,0.718,1,MT Gauss-Seidel,2,MT Gauss-Seidel,15.653759999999998
0.3036,2,MT Gauss-Seidel,0.8544,1,Two-stage Gauss-Seidel,1,MT Gauss-Seidel,15.656780000000001
0.4539,2,MT Gauss-Seidel,1.1419,1,Two-stage Gauss-Seidel,4,MT Gauss-Seidel,15.742170000000002
0.458,1,MT Gauss-Seidel,1.056,1,MT Gauss-Seidel,1,MT Gauss-Seidel,15.753140000000002
0.3589,2,Two-stage Gauss-Seidel,0.4974,1,Two-stage Gauss-Seidel,4,MT Gauss-Seidel,15.76059
0.657,1,MT Gauss-Seidel,0.7688,1,MT Gauss-Seidel,4,MT Gauss-Seidel,15.77585
0.4038,2,MT Gauss-Seidel,0.7699,2,MT Gauss-Seidel,4,MT Gauss-Seidel,15.797719999999998
0.2265,1,MT Gauss-Seidel,0.7608,1,MT Gauss-Seidel,4,MT Gauss-Seidel,15.799140000000001
0.1328,1,MT Gauss-Seidel,0.923,2,MT Gauss-Seidel,4,MT Gauss-Seidel,15.824259999999999
0.2536,1,MT Gauss-Seidel,0.8616,2,MT Gauss-Seidel,4,MT Gauss-Seidel,15.8652
0.3668,1,MT Gauss-Seidel,0.5991,2,Two-stage Gauss-Seidel,4,MT Gauss-Seidel,15.875720000000001
0.456,2,MT Gauss-Seidel,0.7175,1,Two-stage Gauss-Seidel,1,MT Gauss-Seidel,15.94031
0.5324,1,MT Gauss-Seidel,1.1039,2,MT Gauss-Seidel,4,MT Gauss-Seidel,15.94417
0.1629,1,Two-stage Gauss-Seidel,0.6336,1,Two-stage Gauss-Seidel,1,MT Gauss-Seidel,15.979790000000001
0.4516,1,MT Gauss-Seidel,1.1556,1,MT Gauss-Seidel,4,MT Gauss-Seidel,15.98832
0.4648,1,MT Gauss-Seidel,0.7215,1,MT Gauss-Seidel,4,MT Gauss-Seidel,15.9942
0.3552,1,MT Gauss-Seidel,0.6575,1,MT Gauss-Seidel,4,MT Gauss-Seidel,15.99803
0.1573,2,Two-stage Gauss-Seidel,0.4876,1,Two-stage Gauss-Seidel,4,MT Gauss-Seidel,16.07461
0.2485,1,MT Gauss-Seidel,0.9842,1,MT Gauss-Seidel,4,MT Gauss-Seidel,16.162509999999997
0.2836,2,MT Gauss-Seidel,0.969,1,MT Gauss-Seidel,1,Two-stage Gauss-Seidel,16.193089999999998
0.5976,2,MT Gauss-Seidel,0.9169,1,Two-stage Gauss-Seidel,1,Two-stage Gauss-Seidel,16.20742
0.4253,2,MT Gauss-Seidel,1.0614,1,Two-stage Gauss-Seidel,1,Two-stage Gauss-Seidel,16.20951
0.6,2,MT Gauss-Seidel,1.1504,2,Two-stage Gauss-Seidel,1,Two-stage Gauss-Seidel,16.21858
0.5787,2,MT Gauss-Seidel,1.0785,2,MT Gauss-Seidel,1,Two-stage Gauss-Seidel,16.26233
0.3291,2,MT Gauss-Seidel,0.5776,2,Two-stage Gauss-Seidel,1,Two-stage Gauss-Seidel,16.28729
0.364,1,Two-stage Gauss-Seidel,0.9552,2,MT Gauss-Seidel,3,MT Gauss-Seidel,16.29079
0.1934,2,MT Gauss-Seidel,0.6778,2,Two-stage Gauss-Seidel,1,Two-stage Gauss-Seidel,16.36295
0.5087,2,MT Gauss-Seidel,0.723,2,Two-stage Gauss-Seidel,1,Two-stage Gauss-Seidel,16.37057
0.2302,2,MT Gauss-Seidel,0.8255,2,MT Gauss-Seidel,1,Two-stage Gauss-Seidel,16.3903
0.3509,2,MT Gauss-Seidel,0.4038,1,MT Gauss-Seidel,1,Two-stage Gauss-Seidel,16.39964
0.2138,2,MT Gauss-Seidel,0.8647,2,MT Gauss-Seidel,1,Two-stage Gauss-Seidel,16.41596
0.2983,1,Two-stage Gauss-Seidel,1.0806,1,MT Gauss-Seidel,4,MT Gauss-Seidel,16.5805
0.116,1,Two-stage Gauss-Seidel,1.1544,2,MT Gauss-Seidel,2,MT Gauss-Seidel,16.60668
0.2555,1,Two-stage Gauss-Seidel,1.0901,2,Two-stage Gauss-Seidel,4,MT Gauss-Seidel,16.61172
0.2909,1,Two-stage Gauss-Seidel,0.9461,1,Two-stage Gauss-Seidel,4,MT Gauss-Seidel,16.62503
0.4512,1,Two-stage Gauss-Seidel,0.4825,2,MT Gauss-Seidel,2,MT Gauss-Seidel,16.70295
0.3165,1,Two-stage Gauss-Seidel,0.5178,2,Two-stage Gauss-Seidel,4,MT Gauss-Seidel,16.80678
0.4302,2,Two-stage Gauss-Seidel,0.6729,2,Two-stage Gauss-Seidel,4,MT Gauss-Seidel,16.81888
0.4804,2,Two-stage Gauss-Seidel,0.9436,2,MT Gauss-Seidel,3,MT Gauss-Seidel,16.87497
0.4657,2,Two-stage Gauss-Seidel,0.8356,2,MT Gauss-Seidel,4,MT Gauss-Seidel,16.94876
0.5695,1,Two-stage Gauss-Seidel,0.7452,2,MT Gauss-Seidel,1,MT Gauss-Seidel,16.96423
0.6007,1,Two-stage Gauss-Seidel,0.5624,1,Two-stage Gauss-Seidel,1,MT Gauss-Seidel,16.991419999999998
0.2126,1,Two-stage Gauss-Seidel,0.719,2,Two-stage Gauss-Seidel,4,MT Gauss-Seidel,17.01606
0.4515,1,Two-stage Gauss-Seidel,0.5573,1,Two-stage Gauss-Seidel,2,MT Gauss-Seidel,17.18064
0.5019,2,Two-stage Gauss-Seidel,0.6491,2,MT Gauss-Seidel,2,MT Gauss-Seidel,17.27847
0.5113,2,Two-stage Gauss-Seidel,1.0733,1,MT Gauss-Seidel,1,MT Gauss-Seidel,17.29339
0.3432,1,Two-stage Gauss-Seidel,1.1729,2,Two-stage Gauss-Seidel,4,MT Gauss-Seidel,17.33733
0.1888,1,Two-stage Gauss-Seidel,0.6682,1,MT Gauss-Seidel,4,MT Gauss-Seidel,17.38815
0.5389,2,Two-stage Gauss-Seidel,0.7449,2,MT Gauss-Seidel,4,Two-stage Gauss-Seidel,17.39186
0.4959,1,Two-stage Gauss-Seidel,0.6195,2,MT Gauss-Seidel,2,MT Gauss-Seidel,17.50734
0.5051,2,Two-stage Gauss-Seidel,0.7861,2,MT Gauss-Seidel,2,MT Gauss-Seidel,17.83291
0.6202,1,Two-stage Gauss-Seidel,0.8091,1,Two-stage Gauss-Seidel,2,MT Gauss-Seidel,18.257910000000003
0.3983,1,Two-stage Gauss-Seidel,1.0162,1,Two-stage Gauss-Seidel,4,MT Gauss-Seidel,18.30909
0.6312,1,Two-stage Gauss-Seidel,0.8009,1,Two-stage Gauss-Seidel,2,MT Gauss-Seidel,18.43962
0.4043,1,Two-stage Gauss-Seidel,0.8241,2,MT Gauss-Seidel,4,MT Gauss-Seidel,18.44395
0.6402,1,Two-stage Gauss-Seidel,0.7429,1,MT Gauss-Seidel,2,MT Gauss-Seidel,18.55237
0.5365,1,Two-stage Gauss-Seidel,0.5798,2,Two-stage Gauss-Seidel,2,MT Gauss-Seidel,19.22905
0.5526,2,Two-stage Gauss-Seidel,0.9139,1,Two-stage Gauss-Seidel,4,Two-stage Gauss-Seidel,19.23532
0.5076,2,Two-stage Gauss-Seidel,0.4421,2,MT Gauss-Seidel,3,MT Gauss-Seidel,19.31859
0.4521,1,Two-stage Gauss-Seidel,0.9718,2,MT Gauss-Seidel,4,MT Gauss-Seidel,19.57246
0.586,1,Two-stage Gauss-Seidel,1.1,2,Two-stage Gauss-Seidel,3,MT Gauss-Seidel,19.59552
0.4737,1,Two-stage Gauss-Seidel,1.1512,2,MT Gauss-Seidel,4,MT Gauss-Seidel,19.646539999999998
0.5643,1,Two-stage Gauss-Seidel,1.0803,1,Two-stage Gauss-Seidel,3,MT Gauss-Seidel,19.6621
0.4805,1,Two-stage Gauss-Seidel,0.8298,2,Two-stage Gauss-Seidel,4,MT Gauss-Seidel,20.30359
0.5044,1,Two-stage Gauss-Seidel,1.0086,2,MT Gauss-Seidel,3,MT Gauss-Seidel,20.76358
0.5899,1,Two-stage Gauss-Seidel,0.6639,1,Two-stage Gauss-Seidel,4,MT Gauss-Seidel,20.92178
0.5385,2,Two-stage Gauss-Seidel,0.9698,1,MT Gauss-Seidel,1,MT Gauss-Seidel,20.99739
0.6045,1,Two-stage Gauss-Seidel,0.8073,2,MT Gauss-Seidel,4,MT Gauss-Seidel,21.03988
0.5492,1,Two-stage Gauss-Seidel,0.8288,2,MT Gauss-Seidel,4,MT Gauss-Seidel,21.1467
0.6122,1,Two-stage Gauss-Seidel,0.8963,1,MT Gauss-Seidel,4,MT Gauss-Seidel,21.163710000000002
0.6503,1,Two-stage Gauss-Seidel,0.78,1,MT Gauss-Seidel,4,MT Gauss-Seidel,21.30025
0.5371,2,Two-stage Gauss-Seidel,0.7894,2,Two-stage Gauss-Seidel,2,MT Gauss-Seidel,22.55457
0.5548,1,Two-stage Gauss-Seidel,0.4068,2,MT Gauss-Seidel,4,MT Gauss-Seidel,22.63702
0.5748,2,Two-stage Gauss-Seidel,0.4107,2,Two-stage Gauss-Seidel,3,MT Gauss-Seidel,24.756999999999998
0.5409,2,Two-stage Gauss-Seidel,1.0073,2,Two-stage Gauss-Seidel,3,MT Gauss-Seidel,25.15187
0.5505,2,Two-stage Gauss-Seidel,0.5845,1,Two-stage Gauss-Seidel,4,MT Gauss-Seidel,29.106479999999998
0.556,2,Two-stage Gauss-Seidel,0.5287,1,MT Gauss-Seidel,4,MT Gauss-Seidel,30.21441
0.665,2,Two-stage Gauss-Seidel,1.0138,2,Two-stage Gauss-Seidel,2,MT Gauss-Seidel,inf
0.6364,2,Two-stage Gauss-Seidel,0.6529,1,Two-stage Gauss-Seidel,2,Two-stage Gauss-Seidel,inf
0.5839,2,Two-stage Gauss-Seidel,0.761,2,Two-stage Gauss-Seidel,2,Two-stage Gauss-Seidel,inf
0.69,2,Two-stage Gauss-Seidel,0.5709,1,MT Gauss-Seidel,2,MT Gauss-Seidel,inf
0.598,2,Two-stage Gauss-Seidel,0.8462,2,MT Gauss-Seidel,2,MT Gauss-Seidel,inf
0.6906,2,Two-stage Gauss-Seidel,0.9695,2,Two-stage Gauss-Seidel,3,Two-stage Gauss-Seidel,inf
0.639,2,Two-stage Gauss-Seidel,0.7286,1,Two-stage Gauss-Seidel,4,Two-stage Gauss-Seidel,inf
0.607,2,Two-stage Gauss-Seidel,0.8653,2,MT Gauss-Seidel,1,MT Gauss-Seidel,inf
0.5827,2,Two-stage Gauss-Seidel,0.7645,1,Two-stage Gauss-Seidel,2,MT Gauss-Seidel,inf
